idna_subject,checker_type,destination,source,tested_at,session_id
adsports.in,AVAILABILITY,domains.list,domains.list,2024-05-02 09:26:08.339607,83b1e7d0e4b339d60a254885
alushtadom.com,AVAILABILITY,domains.list,domains.list,2024-05-02 09:26:08.975877,83b1e7d0e4b339d60a254885
avtoresurs.net,AVAILABILITY,domains.list,domains.list,2024-05-02 09:26:10.463185,83b1e7d0e4b339d60a254885
pamelasparrowchilds.com,AVAILABILITY,domains.list,domains.list,2024-05-02 09:26:10.809432,83b1e7d0e4b339d60a254885
www.eastsideautosalvage.com,AVAILABILITY,domains.list,domains.list,2024-05-02 09:26:11.501217,83b1e7d0e4b339d60a254885
www.gtcartographic.co.uk,AVAILABILITY,domains.list,domains.list,2024-05-02 09:26:12.020956,83b1e7d0e4b339d60a254885
www.logopaedie-tisch.homepage.t-online.de,AVAILABILITY,domains.list,domains.list,2024-05-02 09:26:12.628382,83b1e7d0e4b339d60a254885
john.edmunds.talktalk.net,AVAILABILITY,domains.list,domains.list,2024-05-02 09:26:13.987646,83b1e7d0e4b339d60a254885
jnjoilfieldservices.com,AVAILABILITY,domains.list,domains.list,2024-05-02 09:26:14.421347,83b1e7d0e4b339d60a254885
kabradrugsltd.com,AVAILABILITY,domains.list,domains.list,2024-05-02 09:26:14.805083,83b1e7d0e4b339d60a254885
kliksusu.com,AVAILABILITY,domains.list,domains.list,2024-05-02 09:26:15.237347,83b1e7d0e4b339d60a254885
kungfumasterwang.com,AVAILABILITY,domains.list,domains.list,2024-05-02 09:26:15.571091,83b1e7d0e4b339d60a254885
korkeaoja.org,AVAILABILITY,domains.list,domains.list,2024-05-02 09:26:16.731831,83b1e7d0e4b339d60a254885
lelogo.net,AVAILABILITY,domains.list,domains.list,2024-05-02 09:26:17.115640,83b1e7d0e4b339d60a254885
lokfongfood.com,AVAILABILITY,domains.list,domains.list,2024-05-02 09:26:17.639857,83b1e7d0e4b339d60a254885
mango-do.com,AVAILABILITY,domains.list,domains.list,2024-05-02 09:26:17.978125,83b1e7d0e4b339d60a254885
mayaastro.com,AVAILABILITY,domains.list,domains.list,2024-05-02 09:26:18.367062,83b1e7d0e4b339d60a254885
mensa-edu.com,AVAILABILITY,domains.list,domains.list,2024-05-02 09:26:18.828355,83b1e7d0e4b339d60a254885
mikeg7hen.talktalk.net,AVAILABILITY,domains.list,domains.list,2024-05-02 09:26:19.859313,83b1e7d0e4b339d60a254885
mmmkouzhao.com,AVAILABILITY,domains.list,domains.list,2024-05-02 09:26:20.222641,83b1e7d0e4b339d60a254885
naruto55.com,AVAILABILITY,domains.list,domains.list,2024-05-02 09:26:20.598269,83b1e7d0e4b339d60a254885
m-tensou.net,AVAILABILITY,domains.list,domains.list,2024-05-02 09:26:25.916823,83b1e7d0e4b339d60a254885
new.usedtextbooksbuyer.com,AVAILABILITY,domains.list,domains.list,2024-05-02 09:26:26.338995,83b1e7d0e4b339d60a254885
n-k-dekorationen.de,AVAILABILITY,domains.list,domains.list,2024-05-02 09:26:27.107964,83b1e7d0e4b339d60a254885
northernleasing.bz,AVAILABILITY,domains.list,domains.list,2024-05-02 09:26:32.714596,83b1e7d0e4b339d60a254885
oasiscompound.com,AVAILABILITY,domains.list,domains.list,2024-05-02 09:26:33.120324,83b1e7d0e4b339d60a254885
opencreators.net,AVAILABILITY,domains.list,domains.list,2024-05-02 09:26:33.566630,83b1e7d0e4b339d60a254885
ordabeille.fr,AVAILABILITY,domains.list,domains.list,2024-05-02 09:26:34.239592,83b1e7d0e4b339d60a254885
pagooglenbgo.xyz,AVAILABILITY,domains.list,domains.list,2024-05-02 09:26:34.825062,83b1e7d0e4b339d60a254885
patriciaclarkfinley.com,AVAILABILITY,domains.list,domains.list,2024-05-02 09:26:35.187443,83b1e7d0e4b339d60a254885
pcnawa.com,AVAILABILITY,domains.list,domains.list,2024-05-02 09:26:35.699177,83b1e7d0e4b339d60a254885
phuketbachelors.com,AVAILABILITY,domains.list,domains.list,2024-05-02 09:26:36.046968,83b1e7d0e4b339d60a254885
peep-call.com,AVAILABILITY,domains.list,domains.list,2024-05-02 09:26:36.469583,83b1e7d0e4b339d60a254885
philippinesregalo.com,AVAILABILITY,domains.list,domains.list,2024-05-02 09:26:36.907155,83b1e7d0e4b339d60a254885
pontevedrabeachsports.com,AVAILABILITY,domains.list,domains.list,2024-05-02 09:26:37.325363,83b1e7d0e4b339d60a254885
plumbntile.talktalk.net,AVAILABILITY,domains.list,domains.list,2024-05-02 09:26:38.304754,83b1e7d0e4b339d60a254885
powerhouserecordsmusic.com,AVAILABILITY,domains.list,domains.list,2024-05-02 09:26:38.714506,83b1e7d0e4b339d60a254885
pronorm.fr,AVAILABILITY,domains.list,domains.list,2024-05-02 09:26:39.377267,83b1e7d0e4b339d60a254885
robbytravels.com,AVAILABILITY,domains.list,domains.list,2024-05-02 09:26:39.808111,83b1e7d0e4b339d60a254885
ri-vyoo.com,AVAILABILITY,domains.list,domains.list,2024-05-02 09:26:40.244385,83b1e7d0e4b339d60a254885
sanae-sakamoto.ch,AVAILABILITY,domains.list,domains.list,2024-05-02 09:26:46.437204,83b1e7d0e4b339d60a254885
sadeqmedia.com,AVAILABILITY,domains.list,domains.list,2024-05-02 09:26:46.916843,83b1e7d0e4b339d60a254885
sfei.se,AVAILABILITY,domains.list,domains.list,2024-05-02 09:26:47.495935,83b1e7d0e4b339d60a254885
shaman-studio.com,AVAILABILITY,domains.list,domains.list,2024-05-02 09:26:47.830655,83b1e7d0e4b339d60a254885
silvotecna.co.cl,AVAILABILITY,domains.list,domains.list,2024-05-02 09:26:50.120965,83b1e7d0e4b339d60a254885
shiyunwuliu.com,AVAILABILITY,domains.list,domains.list,2024-05-02 09:26:50.539245,83b1e7d0e4b339d60a254885
sjones.talktalk.net,AVAILABILITY,domains.list,domains.list,2024-05-02 09:26:51.627614,83b1e7d0e4b339d60a254885
skf-fag-bearings.com,AVAILABILITY,domains.list,domains.list,2024-05-02 09:26:52.081942,83b1e7d0e4b339d60a254885
slynewsnigeria.com,AVAILABILITY,domains.list,domains.list,2024-05-02 09:26:52.472170,83b1e7d0e4b339d60a254885
smenterprisesgroup.com,AVAILABILITY,domains.list,domains.list,2024-05-02 09:26:52.871248,83b1e7d0e4b339d60a254885
spunbaku.com,AVAILABILITY,domains.list,domains.list,2024-05-02 09:26:53.388612,83b1e7d0e4b339d60a254885
swm-as.com,AVAILABILITY,domains.list,domains.list,2024-05-02 09:26:53.755889,83b1e7d0e4b339d60a254885
td-kuk.si,AVAILABILITY,domains.list,domains.list,2024-05-02 09:26:54.403835,83b1e7d0e4b339d60a254885
textilescalmani.com,AVAILABILITY,domains.list,domains.list,2024-05-02 09:26:54.751298,83b1e7d0e4b339d60a254885
thanefreshflower.com,AVAILABILITY,domains.list,domains.list,2024-05-02 09:26:55.207000,83b1e7d0e4b339d60a254885
thephoneguy.talktalk.net,AVAILABILITY,domains.list,domains.list,2024-05-02 09:26:56.232221,83b1e7d0e4b339d60a254885
tugraoptikizmir.com,AVAILABILITY,domains.list,domains.list,2024-05-02 09:26:56.734898,83b1e7d0e4b339d60a254885
truonglucqn.com,AVAILABILITY,domains.list,domains.list,2024-05-02 09:26:57.080929,83b1e7d0e4b339d60a254885
truhlarstvi-bezdeka.cz,AVAILABILITY,domains.list,domains.list,2024-05-02 09:26:57.861580,83b1e7d0e4b339d60a254885
velolenta.com,AVAILABILITY,domains.list,domains.list,2024-05-02 09:26:58.272995,83b1e7d0e4b339d60a254885
umumusic.co.uk,AVAILABILITY,domains.list,domains.list,2024-05-02 09:26:59.009401,83b1e7d0e4b339d60a254885
utlitydiscountplans.com,AVAILABILITY,domains.list,domains.list,2024-05-02 09:26:59.452351,83b1e7d0e4b339d60a254885
www.1drv.ms,AVAILABILITY,domains.list,domains.list,2024-05-02 09:26:59.781119,83b1e7d0e4b339d60a254885
www.28amen.org,AVAILABILITY,domains.list,domains.list,2024-05-02 09:27:00.185675,83b1e7d0e4b339d60a254885
www.54699.com,AVAILABILITY,domains.list,domains.list,2024-05-02 09:27:00.520312,83b1e7d0e4b339d60a254885
www.a1akeyssportfishing.com,AVAILABILITY,domains.list,domains.list,2024-05-02 09:27:00.883305,83b1e7d0e4b339d60a254885
www.abbiholland.com,AVAILABILITY,domains.list,domains.list,2024-05-02 09:27:01.228034,83b1e7d0e4b339d60a254885
www.abekattestreger.dk,AVAILABILITY,domains.list,domains.list,2024-05-02 09:27:01.591624,83b1e7d0e4b339d60a254885
www.actraxgps.com,AVAILABILITY,domains.list,domains.list,2024-05-02 09:27:01.959272,83b1e7d0e4b339d60a254885
www.adiosalvello.com,AVAILABILITY,domains.list,domains.list,2024-05-02 09:27:11.711128,83b1e7d0e4b339d60a254885
www.adoptshawm.net,AVAILABILITY,domains.list,domains.list,2024-05-02 09:27:12.070668,83b1e7d0e4b339d60a254885
www.agneskazmierczak.com,AVAILABILITY,domains.list,domains.list,2024-05-02 09:27:12.452336,83b1e7d0e4b339d60a254885
www.ajmontanaro.com,AVAILABILITY,domains.list,domains.list,2024-05-02 09:27:12.838289,83b1e7d0e4b339d60a254885
www.a-host.co.uk,AVAILABILITY,domains.list,domains.list,2024-05-02 09:27:32.524790,83b1e7d0e4b339d60a254885
www.alanstrack.com,AVAILABILITY,domains.list,domains.list,2024-05-02 09:27:34.464768,83b1e7d0e4b339d60a254885
www.alexa-silver.com,AVAILABILITY,domains.list,domains.list,2024-05-02 09:27:34.731679,83b1e7d0e4b339d60a254885
www.alefunny.pl,AVAILABILITY,domains.list,domains.list,2024-05-02 09:27:36.864214,83b1e7d0e4b339d60a254885
www.alexgas-doo.com,AVAILABILITY,domains.list,domains.list,2024-05-02 09:27:37.155888,83b1e7d0e4b339d60a254885
www.allamericanmadetoys.com,AVAILABILITY,domains.list,domains.list,2024-05-02 09:27:37.457044,83b1e7d0e4b339d60a254885
www.alfalakgifts.com,AVAILABILITY,domains.list,domains.list,2024-05-02 09:27:37.873885,83b1e7d0e4b339d60a254885
www.alkalifeph.fr,AVAILABILITY,domains.list,domains.list,2024-05-02 09:27:38.317843,83b1e7d0e4b339d60a254885
www.allergymachine.com,AVAILABILITY,domains.list,domains.list,2024-05-02 09:27:38.701675,83b1e7d0e4b339d60a254885
www.altarek.com,AVAILABILITY,domains.list,domains.list,2024-05-02 09:27:40.531172,83b1e7d0e4b339d60a254885
www.alumaxgroup.in,AVAILABILITY,domains.list,domains.list,2024-05-02 09:27:55.185880,83b1e7d0e4b339d60a254885
www.amazingtipsbook.com,AVAILABILITY,domains.list,domains.list,2024-05-02 09:27:55.776768,83b1e7d0e4b339d60a254885
www.amazoo.com.br,AVAILABILITY,domains.list,domains.list,2024-05-02 09:27:58.534663,83b1e7d0e4b339d60a254885
www.ampexholdings.com,AVAILABILITY,domains.list,domains.list,2024-05-02 09:28:10.979483,83b1e7d0e4b339d60a254885
www.anrika.se,AVAILABILITY,domains.list,domains.list,2024-05-02 09:28:13.786280,83b1e7d0e4b339d60a254885
www.antwerpvillas.com,AVAILABILITY,domains.list,domains.list,2024-05-02 09:28:15.241856,83b1e7d0e4b339d60a254885
www.apronconsulting.com,AVAILABILITY,domains.list,domains.list,2024-05-02 09:28:15.602260,83b1e7d0e4b339d60a254885
www.arabianglitz.com,AVAILABILITY,domains.list,domains.list,2024-05-02 09:28:15.990003,83b1e7d0e4b339d60a254885
www.ardent-lotus.com,AVAILABILITY,domains.list,domains.list,2024-05-02 09:28:16.577201,83b1e7d0e4b339d60a254885
www.artsidestudio.com,AVAILABILITY,domains.list,domains.list,2024-05-02 09:28:24.283019,83b1e7d0e4b339d60a254885
www.aser-algram.com,AVAILABILITY,domains.list,domains.list,2024-05-02 09:28:24.559691,83b1e7d0e4b339d60a254885
www.asreklama.com,AVAILABILITY,domains.list,domains.list,2024-05-02 09:28:24.928633,83b1e7d0e4b339d60a254885
www.azshop24.com.vn,AVAILABILITY,domains.list,domains.list,2024-05-02 09:28:29.516618,83b1e7d0e4b339d60a254885
www.b2c-batteries.com,AVAILABILITY,domains.list,domains.list,2024-05-02 09:28:29.792070,83b1e7d0e4b339d60a254885
www.bachledowka.net,AVAILABILITY,domains.list,domains.list,2024-05-02 09:28:30.149055,83b1e7d0e4b339d60a254885
www.balkello-accommodation.com,AVAILABILITY,domains.list,domains.list,2024-05-02 09:28:30.490661,83b1e7d0e4b339d60a254885
www.badznaptak.pl,AVAILABILITY,domains.list,domains.list,2024-05-02 09:28:34.378798,83b1e7d0e4b339d60a254885
www.bestadbid.com,AVAILABILITY,domains.list,domains.list,2024-05-02 09:28:34.901998,83b1e7d0e4b339d60a254885
www.bestpurseshop.com,AVAILABILITY,domains.list,domains.list,2024-05-02 09:28:35.249691,83b1e7d0e4b339d60a254885
www.beautystudioswh.com,AVAILABILITY,domains.list,domains.list,2024-05-02 09:28:36.733273,83b1e7d0e4b339d60a254885
www.biztocloud.com,AVAILABILITY,domains.list,domains.list,2024-05-02 09:28:37.421906,83b1e7d0e4b339d60a254885
www.birebirpazar.com,AVAILABILITY,domains.list,domains.list,2024-05-02 09:28:47.604577,83b1e7d0e4b339d60a254885
www.bluga.com.ar,AVAILABILITY,domains.list,domains.list,2024-05-02 09:28:48.819387,83b1e7d0e4b339d60a254885
www.blackswan.com.ng,AVAILABILITY,domains.list,domains.list,2024-05-02 09:28:51.896393,83b1e7d0e4b339d60a254885
www.boosyy.com,AVAILABILITY,domains.list,domains.list,2024-05-02 09:28:52.170988,83b1e7d0e4b339d60a254885
www.boraba.net,AVAILABILITY,domains.list,domains.list,2024-05-02 09:28:52.523585,83b1e7d0e4b339d60a254885
www.bridgeglobal.org,AVAILABILITY,domains.list,domains.list,2024-05-02 09:28:54.846749,83b1e7d0e4b339d60a254885
www.bridleridgehorses.com,AVAILABILITY,domains.list,domains.list,2024-05-02 09:28:55.553714,83b1e7d0e4b339d60a254885
www.brshops.com.br,AVAILABILITY,domains.list,domains.list,2024-05-02 09:28:57.601463,83b1e7d0e4b339d60a254885
www.broadcastaudiodevices.com,AVAILABILITY,domains.list,domains.list,2024-05-02 09:28:57.981129,83b1e7d0e4b339d60a254885
www.brainfreezeapp.com,AVAILABILITY,domains.list,domains.list,2024-05-02 09:29:34.304044,83b1e7d0e4b339d60a254885
www.bootyculla.com,AVAILABILITY,domains.list,domains.list,2024-05-02 09:30:24.172907,83b1e7d0e4b339d60a254885
www.brunocarbh.com.br,AVAILABILITY,domains.list,domains.list,2024-05-02 09:30:25.681219,83b1e7d0e4b339d60a254885
www.budeanu.ro,AVAILABILITY,domains.list,domains.list,2024-05-02 09:30:26.613132,83b1e7d0e4b339d60a254885
www.bullebusinesspala.ch,AVAILABILITY,domains.list,domains.list,2024-05-02 09:30:27.272001,83b1e7d0e4b339d60a254885
www.bummeln-um-die-welt.de,AVAILABILITY,domains.list,domains.list,2024-05-02 09:30:27.742115,83b1e7d0e4b339d60a254885
www.burdur-bld.gov.tr,AVAILABILITY,domains.list,domains.list,2024-05-02 09:30:31.044230,83b1e7d0e4b339d60a254885
www.cabincrewdiaries.com,AVAILABILITY,domains.list,domains.list,2024-05-02 09:30:31.347128,83b1e7d0e4b339d60a254885
www.cadencechildren.net,AVAILABILITY,domains.list,domains.list,2024-05-02 09:30:31.657796,83b1e7d0e4b339d60a254885
www.caballerobustamante.com.pe,AVAILABILITY,domains.list,domains.list,2024-05-02 09:30:32.591323,83b1e7d0e4b339d60a254885
www.caijiachina.com,AVAILABILITY,domains.list,domains.list,2024-05-02 09:30:33.014661,83b1e7d0e4b339d60a254885
www.canalvelo.fr,AVAILABILITY,domains.list,domains.list,2024-05-02 09:30:33.287620,83b1e7d0e4b339d60a254885
www.carindoauto.net,AVAILABILITY,domains.list,domains.list,2024-05-02 09:30:33.647647,83b1e7d0e4b339d60a254885
www.capitalintroductionservices.com,AVAILABILITY,domains.list,domains.list,2024-05-02 09:30:34.074429,83b1e7d0e4b339d60a254885
www.casasembargada.com,AVAILABILITY,domains.list,domains.list,2024-05-02 09:30:34.361895,83b1e7d0e4b339d60a254885
www.cartaovirtual.no-ip.info,AVAILABILITY,domains.list,domains.list,2024-05-02 09:30:34.672755,83b1e7d0e4b339d60a254885
www.cefeida2.com,AVAILABILITY,domains.list,domains.list,2024-05-02 09:30:35.022708,83b1e7d0e4b339d60a254885
www.casadecandomble.com.br,AVAILABILITY,domains.list,domains.list,2024-05-02 09:30:37.039454,83b1e7d0e4b339d60a254885
www.ceil.hk,AVAILABILITY,domains.list,domains.list,2024-05-02 09:30:41.053042,83b1e7d0e4b339d60a254885
www.cfai66.fr,AVAILABILITY,domains.list,domains.list,2024-05-02 09:30:43.698039,83b1e7d0e4b339d60a254885
www.centraldafestarj.com.br,AVAILABILITY,domains.list,domains.list,2024-05-02 09:30:44.797924,83b1e7d0e4b339d60a254885
www.cheapyoutubeview.com,AVAILABILITY,domains.list,domains.list,2024-05-02 09:30:45.084768,83b1e7d0e4b339d60a254885
www.chennaiadvancedwoundcareconference.com,AVAILABILITY,domains.list,domains.list,2024-05-02 09:30:45.385282,83b1e7d0e4b339d60a254885
www.centre-apple.ru,AVAILABILITY,domains.list,domains.list,2024-05-02 09:30:46.233112,83b1e7d0e4b339d60a254885
www.chinatea.ro,AVAILABILITY,domains.list,domains.list,2024-05-02 09:30:47.119418,83b1e7d0e4b339d60a254885
www.chmedonline.com,AVAILABILITY,domains.list,domains.list,2024-05-02 09:30:47.554275,83b1e7d0e4b339d60a254885
www.cilwculture.com,AVAILABILITY,domains.list,domains.list,2024-05-02 09:30:47.925394,83b1e7d0e4b339d60a254885
www.cloudbws.com,AVAILABILITY,domains.list,domains.list,2024-05-02 09:30:48.240767,83b1e7d0e4b339d60a254885
www.codanuscorp.com,AVAILABILITY,domains.list,domains.list,2024-05-02 09:30:48.702943,83b1e7d0e4b339d60a254885
www.cniplc.com,AVAILABILITY,domains.list,domains.list,2024-05-02 09:30:49.084686,83b1e7d0e4b339d60a254885
www.cliccaqui.co.uk,AVAILABILITY,domains.list,domains.list,2024-05-02 09:30:59.564670,83b1e7d0e4b339d60a254885
www.collegefarms.org,AVAILABILITY,domains.list,domains.list,2024-05-02 09:31:00.205465,83b1e7d0e4b339d60a254885
www.comsalud360.com,AVAILABILITY,domains.list,domains.list,2024-05-02 09:31:01.085815,83b1e7d0e4b339d60a254885
www.cpapltd.com,AVAILABILITY,domains.list,domains.list,2024-05-02 09:31:01.347135,83b1e7d0e4b339d60a254885
www.cramjuice.com,AVAILABILITY,domains.list,domains.list,2024-05-02 09:31:01.726305,83b1e7d0e4b339d60a254885
www.crissbardelotto.com,AVAILABILITY,domains.list,domains.list,2024-05-02 09:31:02.087044,83b1e7d0e4b339d60a254885
www.cultural-ecology.com,AVAILABILITY,domains.list,domains.list,2024-05-02 09:31:02.542850,83b1e7d0e4b339d60a254885
www.customjets.net,AVAILABILITY,domains.list,domains.list,2024-05-02 09:31:02.845825,83b1e7d0e4b339d60a254885
www.danblack.biz,AVAILABILITY,domains.list,domains.list,2024-05-02 09:31:03.221700,83b1e7d0e4b339d60a254885
www.customsofficeinformation.com,AVAILABILITY,domains.list,domains.list,2024-05-02 09:32:00.711342,83b1e7d0e4b339d60a254885
www.date-withme.com,AVAILABILITY,domains.list,domains.list,2024-05-02 09:32:01.239342,83b1e7d0e4b339d60a254885
www.datalinks.ir,AVAILABILITY,domains.list,domains.list,2024-05-02 09:32:02.334687,83b1e7d0e4b339d60a254885
www.db-hardware.fr,AVAILABILITY,domains.list,domains.list,2024-05-02 09:32:02.748127,83b1e7d0e4b339d60a254885
www.ddaccesorios.com,AVAILABILITY,domains.list,domains.list,2024-05-02 09:32:09.576749,83b1e7d0e4b339d60a254885
www.dangdika.com,AVAILABILITY,domains.list,domains.list,2024-05-02 09:32:41.164428,83b1e7d0e4b339d60a254885
www.deborahshallcross.com,AVAILABILITY,domains.list,domains.list,2024-05-02 09:32:43.348130,83b1e7d0e4b339d60a254885
www.dedicateddevelopers.us,AVAILABILITY,domains.list,domains.list,2024-05-02 09:32:43.666901,83b1e7d0e4b339d60a254885
www.denledcantho.com,AVAILABILITY,domains.list,domains.list,2024-05-02 09:32:46.649488,83b1e7d0e4b339d60a254885
www.derinceozelders.com,AVAILABILITY,domains.list,domains.list,2024-05-02 09:32:46.971156,83b1e7d0e4b339d60a254885
www.dentalcliniclondonontario.com,AVAILABILITY,domains.list,domains.list,2024-05-02 09:32:47.339981,83b1e7d0e4b339d60a254885
www.dersiz.com,AVAILABILITY,domains.list,domains.list,2024-05-02 09:32:47.702360,83b1e7d0e4b339d60a254885
www.dhorvathdesign.com,AVAILABILITY,domains.list,domains.list,2024-05-02 09:32:48.038005,83b1e7d0e4b339d60a254885
www.designordie.ca,AVAILABILITY,domains.list,domains.list,2024-05-02 09:32:48.344712,83b1e7d0e4b339d60a254885
www.detrust888.com,AVAILABILITY,domains.list,domains.list,2024-05-02 09:32:48.641555,83b1e7d0e4b339d60a254885
www.dicksmacker.com,AVAILABILITY,domains.list,domains.list,2024-05-02 09:32:49.077752,83b1e7d0e4b339d60a254885
www.diego-fc.com,AVAILABILITY,domains.list,domains.list,2024-05-02 09:32:49.357876,83b1e7d0e4b339d60a254885
www.dinamoon.pl,AVAILABILITY,domains.list,domains.list,2024-05-02 09:32:57.801664,83b1e7d0e4b339d60a254885
www.dj-producer-j-mbargo.com,AVAILABILITY,domains.list,domains.list,2024-05-02 09:32:58.150796,83b1e7d0e4b339d60a254885
www.djjaviermix.cl,AVAILABILITY,domains.list,domains.list,2024-05-02 09:32:58.777638,83b1e7d0e4b339d60a254885
www.dmsoinfo.com,AVAILABILITY,domains.list,domains.list,2024-05-02 09:32:59.069634,83b1e7d0e4b339d60a254885
www.dnibsan.com,AVAILABILITY,domains.list,domains.list,2024-05-02 09:32:59.451574,83b1e7d0e4b339d60a254885
www.dolfexalto.com,AVAILABILITY,domains.list,domains.list,2024-05-02 09:32:59.825672,83b1e7d0e4b339d60a254885
www.dogbitesmichigan.com,AVAILABILITY,domains.list,domains.list,2024-05-02 09:33:00.239680,83b1e7d0e4b339d60a254885
www.doogo.com.ar,AVAILABILITY,domains.list,domains.list,2024-05-02 09:33:01.663616,83b1e7d0e4b339d60a254885
www.dogalamman.com,AVAILABILITY,domains.list,domains.list,2024-05-02 09:33:22.777211,83b1e7d0e4b339d60a254885
www.dodowiz.com,AVAILABILITY,domains.list,domains.list,2024-05-02 09:33:55.835072,83b1e7d0e4b339d60a254885
www.drdianateachertraining.com,AVAILABILITY,domains.list,domains.list,2024-05-02 09:33:56.357356,83b1e7d0e4b339d60a254885
www.dreamwhistlerz.com,AVAILABILITY,domains.list,domains.list,2024-05-02 09:33:56.654435,83b1e7d0e4b339d60a254885
www.dub3tv.com,AVAILABILITY,domains.list,domains.list,2024-05-02 09:33:56.951137,83b1e7d0e4b339d60a254885
www.dukeplasticslab.com,AVAILABILITY,domains.list,domains.list,2024-05-02 09:33:57.317316,83b1e7d0e4b339d60a254885
www.dwdesigns.us,AVAILABILITY,domains.list,domains.list,2024-05-02 09:33:58.515747,83b1e7d0e4b339d60a254885
www.earthboundpermaculture.org,AVAILABILITY,domains.list,domains.list,2024-05-02 09:33:58.914815,83b1e7d0e4b339d60a254885
www.ebuyyi.com,AVAILABILITY,domains.list,domains.list,2024-05-02 09:33:59.275743,83b1e7d0e4b339d60a254885
www.edthemes.org,AVAILABILITY,domains.list,domains.list,2024-05-02 09:33:59.666282,83b1e7d0e4b339d60a254885
www.efficiencyempregos.com.br,AVAILABILITY,domains.list,domains.list,2024-05-02 09:34:00.617753,83b1e7d0e4b339d60a254885
www.ehnova.com.br,AVAILABILITY,domains.list,domains.list,2024-05-02 09:34:01.481295,83b1e7d0e4b339d60a254885
www.ellohime.net,AVAILABILITY,domains.list,domains.list,2024-05-02 09:34:01.755752,83b1e7d0e4b339d60a254885
www.ekofil.pl,AVAILABILITY,domains.list,domains.list,2024-05-02 09:34:02.280483,83b1e7d0e4b339d60a254885
www.electrimafrica.com,AVAILABILITY,domains.list,domains.list,2024-05-02 09:34:02.638124,83b1e7d0e4b339d60a254885
www.emhen.com,AVAILABILITY,domains.list,domains.list,2024-05-02 09:34:03.025875,83b1e7d0e4b339d60a254885
www.emg.su,AVAILABILITY,domains.list,domains.list,2024-05-02 09:34:05.320484,83b1e7d0e4b339d60a254885
www.emko-pharm.ru,AVAILABILITY,domains.list,domains.list,2024-05-02 09:34:06.332161,83b1e7d0e4b339d60a254885
www.emdrozd.net,AVAILABILITY,domains.list,domains.list,2024-05-02 09:34:06.699161,83b1e7d0e4b339d60a254885
www.energiaadebate.info,AVAILABILITY,domains.list,domains.list,2024-05-02 09:34:07.210007,83b1e7d0e4b339d60a254885
www.erika.cl,AVAILABILITY,domains.list,domains.list,2024-05-02 09:34:07.715001,83b1e7d0e4b339d60a254885
www.esustentables.com.ar,AVAILABILITY,domains.list,domains.list,2024-05-02 09:34:08.321916,83b1e7d0e4b339d60a254885
www.eroslavia.org,AVAILABILITY,domains.list,domains.list,2024-05-02 09:34:15.216559,83b1e7d0e4b339d60a254885
www.eventyourselfie.com,AVAILABILITY,domains.list,domains.list,2024-05-02 09:34:15.573398,83b1e7d0e4b339d60a254885
www.facecapsule.com,AVAILABILITY,domains.list,domains.list,2024-05-02 09:34:15.929946,83b1e7d0e4b339d60a254885
www.factoryfreeapparel.com,AVAILABILITY,domains.list,domains.list,2024-05-02 09:34:16.258751,83b1e7d0e4b339d60a254885
www.faizaledrus.com,AVAILABILITY,domains.list,domains.list,2024-05-02 09:34:17.943275,83b1e7d0e4b339d60a254885
www.falisha.co.id,AVAILABILITY,domains.list,domains.list,2024-05-02 09:34:20.576764,83b1e7d0e4b339d60a254885
www.fcafrica.org,AVAILABILITY,domains.list,domains.list,2024-05-02 09:34:21.070265,83b1e7d0e4b339d60a254885
www.financing.ninja,AVAILABILITY,domains.list,domains.list,2024-05-02 09:34:21.461115,83b1e7d0e4b339d60a254885
www.firelanepictures.com,AVAILABILITY,domains.list,domains.list,2024-05-02 09:34:21.816167,83b1e7d0e4b339d60a254885
www.fluritreuhand.ch,AVAILABILITY,domains.list,domains.list,2024-05-02 09:34:22.884171,83b1e7d0e4b339d60a254885
www.flbelt.com,AVAILABILITY,domains.list,domains.list,2024-05-02 09:34:23.255195,83b1e7d0e4b339d60a254885
www.foxcabinets.com,AVAILABILITY,domains.list,domains.list,2024-05-02 09:34:23.621608,83b1e7d0e4b339d60a254885
www.fratpoet.com,AVAILABILITY,domains.list,domains.list,2024-05-02 09:34:23.993546,83b1e7d0e4b339d60a254885
www.freehealthpoints.com,AVAILABILITY,domains.list,domains.list,2024-05-02 09:34:24.364787,83b1e7d0e4b339d60a254885
www.followme.si,AVAILABILITY,domains.list,domains.list,2024-05-02 09:34:25.189301,83b1e7d0e4b339d60a254885
www.friendsofolajones.org,AVAILABILITY,domains.list,domains.list,2024-05-02 09:34:25.715431,83b1e7d0e4b339d60a254885
www.fsathai.org,AVAILABILITY,domains.list,domains.list,2024-05-02 09:34:26.232496,83b1e7d0e4b339d60a254885
www.furukawa-iin.net,AVAILABILITY,domains.list,domains.list,2024-05-02 09:34:26.575531,83b1e7d0e4b339d60a254885
www.fut7puntadeleste.com,AVAILABILITY,domains.list,domains.list,2024-05-02 09:34:27.040040,83b1e7d0e4b339d60a254885
www.gadproducciones.com,AVAILABILITY,domains.list,domains.list,2024-05-02 09:34:27.405774,83b1e7d0e4b339d60a254885
www.fundingeb5.com,AVAILABILITY,domains.list,domains.list,2024-05-02 09:34:30.936365,83b1e7d0e4b339d60a254885
www.galtechprojects.com,AVAILABILITY,domains.list,domains.list,2024-05-02 09:34:31.296281,83b1e7d0e4b339d60a254885
www.gaozhao-edu.com,AVAILABILITY,domains.list,domains.list,2024-05-02 09:34:31.640102,83b1e7d0e4b339d60a254885
www.galerymusic.id,AVAILABILITY,domains.list,domains.list,2024-05-02 09:34:32.319838,83b1e7d0e4b339d60a254885
www.gayetnews.com,AVAILABILITY,domains.list,domains.list,2024-05-02 09:34:32.618798,83b1e7d0e4b339d60a254885
www.galaxyglobal.com,AVAILABILITY,domains.list,domains.list,2024-05-02 09:35:12.266628,83b1e7d0e4b339d60a254885
www.gemshairandbeauty.com,AVAILABILITY,domains.list,domains.list,2024-05-02 09:35:12.773280,83b1e7d0e4b339d60a254885
www.ghousiasports.com,AVAILABILITY,domains.list,domains.list,2024-05-02 09:35:13.172794,83b1e7d0e4b339d60a254885
www.ghasrngo.com,AVAILABILITY,domains.list,domains.list,2024-05-02 09:35:13.539082,83b1e7d0e4b339d60a254885
www.gearstuff.net,AVAILABILITY,domains.list,domains.list,2024-05-02 09:35:40.229261,83b1e7d0e4b339d60a254885
www.gerenteagil.com,AVAILABILITY,domains.list,domains.list,2024-05-02 09:35:42.408720,83b1e7d0e4b339d60a254885
www.gold-or.ca,AVAILABILITY,domains.list,domains.list,2024-05-02 09:35:42.667593,83b1e7d0e4b339d60a254885
www.googlefoad.top,AVAILABILITY,domains.list,domains.list,2024-05-02 09:35:43.842864,83b1e7d0e4b339d60a254885
www.greatlakessurveillance.com,AVAILABILITY,domains.list,domains.list,2024-05-02 09:35:44.196582,83b1e7d0e4b339d60a254885
www.grandesbottees.com,AVAILABILITY,domains.list,domains.list,2024-05-02 09:35:44.564400,83b1e7d0e4b339d60a254885
www.gruppostolfaedilizia.it,AVAILABILITY,domains.list,domains.list,2024-05-02 09:35:46.279796,83b1e7d0e4b339d60a254885
www.gutentagmeinliebeqq.com,AVAILABILITY,domains.list,domains.list,2024-05-02 09:35:46.674601,83b1e7d0e4b339d60a254885
www.gwyhome.net,AVAILABILITY,domains.list,domains.list,2024-05-02 09:35:47.102584,83b1e7d0e4b339d60a254885
www.gurumenilai.com,AVAILABILITY,domains.list,domains.list,2024-05-02 09:35:47.474947,83b1e7d0e4b339d60a254885
www.gylpmgw.com,AVAILABILITY,domains.list,domains.list,2024-05-02 09:35:47.859152,83b1e7d0e4b339d60a254885
www.habitermieux08.org,AVAILABILITY,domains.list,domains.list,2024-05-02 09:35:48.265339,83b1e7d0e4b339d60a254885
www.gurlfanam.net,AVAILABILITY,domains.list,domains.list,2024-05-02 09:36:32.575064,83b1e7d0e4b339d60a254885
www.hairchinadirect.com,AVAILABILITY,domains.list,domains.list,2024-05-02 09:36:48.019887,83b1e7d0e4b339d60a254885
www.hancebile.com,AVAILABILITY,domains.list,domains.list,2024-05-02 09:37:25.344358,83b1e7d0e4b339d60a254885
www.handicraftmag.com,AVAILABILITY,domains.list,domains.list,2024-05-02 09:37:25.881348,83b1e7d0e4b339d60a254885
www.hightradingfrequency.com,AVAILABILITY,domains.list,domains.list,2024-05-02 09:37:26.265186,83b1e7d0e4b339d60a254885
www.hoardmaire.com,AVAILABILITY,domains.list,domains.list,2024-05-02 09:37:26.567967,83b1e7d0e4b339d60a254885
www.himhermeus.com,AVAILABILITY,domains.list,domains.list,2024-05-02 09:37:26.945615,83b1e7d0e4b339d60a254885
www.howwepreventwealth.com,AVAILABILITY,domains.list,domains.list,2024-05-02 09:37:27.313947,83b1e7d0e4b339d60a254885
www.huduanjichuang.com,AVAILABILITY,domains.list,domains.list,2024-05-02 09:37:27.645517,83b1e7d0e4b339d60a254885
www.hotelkokobay.com,AVAILABILITY,domains.list,domains.list,2024-05-02 09:37:27.937929,83b1e7d0e4b339d60a254885
www.huayudianlan.net,AVAILABILITY,domains.list,domains.list,2024-05-02 09:37:28.270809,83b1e7d0e4b339d60a254885
www.huodaibbs.com,AVAILABILITY,domains.list,domains.list,2024-05-02 09:37:28.721354,83b1e7d0e4b339d60a254885
www.igatha.com,AVAILABILITY,domains.list,domains.list,2024-05-02 09:37:29.099968,83b1e7d0e4b339d60a254885
www.iheartshop.net,AVAILABILITY,domains.list,domains.list,2024-05-02 09:37:29.460385,83b1e7d0e4b339d60a254885
www.iiet.co.uk,AVAILABILITY,domains.list,domains.list,2024-05-02 09:37:57.730342,83b1e7d0e4b339d60a254885
www.imzhangfei.com,AVAILABILITY,domains.list,domains.list,2024-05-02 09:37:58.170443,83b1e7d0e4b339d60a254885
www.imein.net,AVAILABILITY,domains.list,domains.list,2024-05-02 09:37:58.537087,83b1e7d0e4b339d60a254885
www.inspirationbydesire.com,AVAILABILITY,domains.list,domains.list,2024-05-02 09:37:58.826181,83b1e7d0e4b339d60a254885
www.insta-follower.com,AVAILABILITY,domains.list,domains.list,2024-05-02 09:38:11.211082,83b1e7d0e4b339d60a254885
www.intabulations.org,AVAILABILITY,domains.list,domains.list,2024-05-02 09:38:11.614472,83b1e7d0e4b339d60a254885
www.iskunvaimenninhuolto.fi,AVAILABILITY,domains.list,domains.list,2024-05-02 09:38:35.092965,83b1e7d0e4b339d60a254885
www.jackybrith.net,AVAILABILITY,domains.list,domains.list,2024-05-02 09:38:35.564609,83b1e7d0e4b339d60a254885
www.jawar.eu,AVAILABILITY,domains.list,domains.list,2024-05-02 09:38:35.926994,83b1e7d0e4b339d60a254885
www.jarakadvertising.com,AVAILABILITY,domains.list,domains.list,2024-05-02 09:38:36.314276,83b1e7d0e4b339d60a254885
www.jdv.com.co,AVAILABILITY,domains.list,domains.list,2024-05-02 09:38:36.653946,83b1e7d0e4b339d60a254885
www.jalapodist.net,AVAILABILITY,domains.list,domains.list,2024-05-02 09:39:06.473544,83b1e7d0e4b339d60a254885
www.jjrpartners.net,AVAILABILITY,domains.list,domains.list,2024-05-02 09:39:06.936562,83b1e7d0e4b339d60a254885
www.jinanlingshi.com,AVAILABILITY,domains.list,domains.list,2024-05-02 09:39:07.286882,83b1e7d0e4b339d60a254885
www.jkcollege.in,AVAILABILITY,domains.list,domains.list,2024-05-02 09:39:07.636743,83b1e7d0e4b339d60a254885
www.jnjoilfieldservices.com,AVAILABILITY,domains.list,domains.list,2024-05-02 09:39:08.104056,83b1e7d0e4b339d60a254885
www.kabradrugsltd.com,AVAILABILITY,domains.list,domains.list,2024-05-02 09:39:08.395598,83b1e7d0e4b339d60a254885
www.kamenububregu.com,AVAILABILITY,domains.list,domains.list,2024-05-02 09:39:08.678762,83b1e7d0e4b339d60a254885
www.kilimanjaroclimbingadventure.com,AVAILABILITY,domains.list,domains.list,2024-05-02 09:39:09.042956,83b1e7d0e4b339d60a254885
www.keramikabora.com,AVAILABILITY,domains.list,domains.list,2024-05-02 09:39:09.331423,83b1e7d0e4b339d60a254885
www.kliksusu.com,AVAILABILITY,domains.list,domains.list,2024-05-02 09:39:09.686364,83b1e7d0e4b339d60a254885
www.kinomix.org,AVAILABILITY,domains.list,domains.list,2024-05-02 09:39:10.106591,83b1e7d0e4b339d60a254885
www.kitabagi.id,AVAILABILITY,domains.list,domains.list,2024-05-02 09:39:50.779730,83b1e7d0e4b339d60a254885
www.koguciuk.pl,AVAILABILITY,domains.list,domains.list,2024-05-02 09:39:52.704507,83b1e7d0e4b339d60a254885
www.korkeaoja.org,AVAILABILITY,domains.list,domains.list,2024-05-02 09:39:53.311827,83b1e7d0e4b339d60a254885
www.kungfumasterwang.com,AVAILABILITY,domains.list,domains.list,2024-05-02 09:39:53.663974,83b1e7d0e4b339d60a254885
www.kumei.net,AVAILABILITY,domains.list,domains.list,2024-05-02 09:40:04.985551,83b1e7d0e4b339d60a254885
www.lajaniquerafm.com,AVAILABILITY,domains.list,domains.list,2024-05-02 09:40:16.021096,83b1e7d0e4b339d60a254885
www.lacavedemilion.com,AVAILABILITY,domains.list,domains.list,2024-05-02 09:41:01.693806,83b1e7d0e4b339d60a254885
www.lamduthu.com,AVAILABILITY,domains.list,domains.list,2024-05-02 09:41:02.246899,83b1e7d0e4b339d60a254885
www.lashouli.com,AVAILABILITY,domains.list,domains.list,2024-05-02 09:41:02.550669,83b1e7d0e4b339d60a254885
www.lanamusty.net,AVAILABILITY,domains.list,domains.list,2024-05-02 09:41:02.914296,83b1e7d0e4b339d60a254885
www.lelogo.net,AVAILABILITY,domains.list,domains.list,2024-05-02 09:41:03.278422,83b1e7d0e4b339d60a254885
www.latticent.com,AVAILABILITY,domains.list,domains.list,2024-05-02 09:41:12.163996,83b1e7d0e4b339d60a254885
