idna_subject,checker_type,destination,tested_at
www.cultural-ecology.com,AVAILABILITY,domains.list,2024-07-11 02:35:41.425939
www.customjets.net,AVAILABILITY,domains.list,2024-07-11 02:35:41.827627
www.danblack.biz,AVAILABILITY,domains.list,2024-07-11 02:35:42.217264
www.customsofficeinformation.com,AVAILABILITY,domains.list,2024-07-11 02:35:42.735749
www.date-withme.com,AVAILABILITY,domains.list,2024-07-11 02:35:43.218038
www.datalinks.ir,AVAILABILITY,domains.list,2024-07-11 02:35:45.023238
www.db-hardware.fr,AVAILABILITY,domains.list,2024-07-11 02:35:45.547610
www.ddaccesorios.com,AVAILABILITY,domains.list,2024-07-11 02:35:52.742080
www.dangdika.com,AVAILABILITY,domains.list,2024-07-11 02:36:17.143250
www.deborahshallcross.com,AVAILABILITY,domains.list,2024-07-11 02:36:19.201386
www.dedicateddevelopers.us,AVAILABILITY,domains.list,2024-07-11 02:36:19.603913
www.denledcantho.com,AVAILABILITY,domains.list,2024-07-11 02:36:33.202477
www.derinceozelders.com,AVAILABILITY,domains.list,2024-07-11 02:36:33.698698
www.dentalcliniclondonontario.com,AVAILABILITY,domains.list,2024-07-11 02:36:34.174906
www.dersiz.com,AVAILABILITY,domains.list,2024-07-11 02:36:39.578297
www.dhorvathdesign.com,AVAILABILITY,domains.list,2024-07-11 02:38:33.024940
www.designordie.ca,AVAILABILITY,domains.list,2024-07-11 02:38:33.423754
www.detrust888.com,AVAILABILITY,domains.list,2024-07-11 02:38:33.748504
www.dicksmacker.com,AVAILABILITY,domains.list,2024-07-11 02:38:34.005630
www.diego-fc.com,AVAILABILITY,domains.list,2024-07-11 02:38:34.355141
www.dinamoon.pl,AVAILABILITY,domains.list,2024-07-11 02:38:36.490348
www.dj-producer-j-mbargo.com,AVAILABILITY,domains.list,2024-07-11 02:38:36.867477
www.djjaviermix.cl,AVAILABILITY,domains.list,2024-07-11 02:38:37.483270
www.dmsoinfo.com,AVAILABILITY,domains.list,2024-07-11 02:38:37.828297
www.dnibsan.com,AVAILABILITY,domains.list,2024-07-11 02:38:38.141634
www.dolfexalto.com,AVAILABILITY,domains.list,2024-07-11 02:38:38.443975
www.dogbitesmichigan.com,AVAILABILITY,domains.list,2024-07-11 02:38:38.794925
www.doogo.com.ar,AVAILABILITY,domains.list,2024-07-11 02:38:40.341966
www.dogalamman.com,AVAILABILITY,domains.list,2024-07-11 02:39:06.446156
www.dodowiz.com,AVAILABILITY,domains.list,2024-07-13 02:12:43.529419
www.drdianateachertraining.com,AVAILABILITY,domains.list,2024-07-13 02:12:44.124810
www.dreamwhistlerz.com,AVAILABILITY,domains.list,2024-07-13 02:12:44.544393
www.dub3tv.com,AVAILABILITY,domains.list,2024-07-13 02:12:45.049784
www.dukeplasticslab.com,AVAILABILITY,domains.list,2024-07-13 02:12:45.533659
www.dwdesigns.us,AVAILABILITY,domains.list,2024-07-13 02:12:48.392253
www.earthboundpermaculture.org,AVAILABILITY,domains.list,2024-07-13 02:12:50.419763
www.ebuyyi.com,AVAILABILITY,domains.list,2024-07-13 02:12:50.810714
www.edthemes.org,AVAILABILITY,domains.list,2024-07-13 02:12:53.056028
www.efficiencyempregos.com.br,AVAILABILITY,domains.list,2024-07-13 02:12:54.162612
www.ehnova.com.br,AVAILABILITY,domains.list,2024-07-13 02:12:54.924444
www.ellohime.net,AVAILABILITY,domains.list,2024-07-13 02:12:55.367253
www.ekofil.pl,AVAILABILITY,domains.list,2024-07-13 02:12:55.784423
www.electrimafrica.com,AVAILABILITY,domains.list,2024-07-13 02:12:56.288248
www.emhen.com,AVAILABILITY,domains.list,2024-07-13 02:12:56.779253
www.emg.su,AVAILABILITY,domains.list,2024-07-13 02:12:59.699040
www.emko-pharm.ru,AVAILABILITY,domains.list,2024-07-13 02:13:01.242100
www.emdrozd.net,AVAILABILITY,domains.list,2024-07-13 02:13:01.672558
www.energiaadebate.info,AVAILABILITY,domains.list,2024-07-13 02:13:02.274421
www.erika.cl,AVAILABILITY,domains.list,2024-07-13 02:13:02.740392
www.esustentables.com.ar,AVAILABILITY,domains.list,2024-07-13 02:13:03.375854
www.eroslavia.org,AVAILABILITY,domains.list,2024-07-13 02:13:08.141249
www.eventyourselfie.com,AVAILABILITY,domains.list,2024-07-13 02:13:08.551076
www.facecapsule.com,AVAILABILITY,domains.list,2024-07-13 02:13:08.999016
www.factoryfreeapparel.com,AVAILABILITY,domains.list,2024-07-13 02:13:09.470331
www.faizaledrus.com,AVAILABILITY,domains.list,2024-07-13 02:13:10.586946
www.falisha.co.id,AVAILABILITY,domains.list,2024-07-13 02:13:11.889035
www.fcafrica.org,AVAILABILITY,domains.list,2024-07-13 02:13:12.543383
www.financing.ninja,AVAILABILITY,domains.list,2024-07-13 02:13:13.423936
www.firelanepictures.com,AVAILABILITY,domains.list,2024-07-13 02:13:13.934163
www.fluritreuhand.ch,AVAILABILITY,domains.list,2024-07-13 02:13:15.529187
www.flbelt.com,AVAILABILITY,domains.list,2024-07-13 02:13:15.947111
www.foxcabinets.com,AVAILABILITY,domains.list,2024-07-13 02:13:16.375888
www.fratpoet.com,AVAILABILITY,domains.list,2024-07-13 02:13:16.769698
www.freehealthpoints.com,AVAILABILITY,domains.list,2024-07-13 02:13:17.246461
www.followme.si,AVAILABILITY,domains.list,2024-07-13 02:13:17.857070
www.friendsofolajones.org,AVAILABILITY,domains.list,2024-07-13 02:13:18.367409
www.fsathai.org,AVAILABILITY,domains.list,2024-07-13 02:13:18.890350
www.furukawa-iin.net,AVAILABILITY,domains.list,2024-07-13 02:13:19.234867
www.fut7puntadeleste.com,AVAILABILITY,domains.list,2024-07-13 02:13:19.693574
www.gadproducciones.com,AVAILABILITY,domains.list,2024-07-13 02:13:20.116731
www.fundingeb5.com,AVAILABILITY,domains.list,2024-07-13 02:13:21.498904
www.galtechprojects.com,AVAILABILITY,domains.list,2024-07-13 02:13:21.958515
www.gaozhao-edu.com,AVAILABILITY,domains.list,2024-07-13 02:13:22.368820
www.galerymusic.id,AVAILABILITY,domains.list,2024-07-13 02:13:23.161243
www.gayetnews.com,AVAILABILITY,domains.list,2024-07-13 02:13:23.611657
www.galaxyglobal.com,AVAILABILITY,domains.list,2024-07-13 02:14:13.965660
www.gemshairandbeauty.com,AVAILABILITY,domains.list,2024-07-13 02:14:14.633782
www.ghousiasports.com,AVAILABILITY,domains.list,2024-07-13 02:14:15.067117
www.ghasrngo.com,AVAILABILITY,domains.list,2024-07-13 02:14:15.508059
www.gearstuff.net,AVAILABILITY,domains.list,2024-07-13 02:14:40.280842
www.gerenteagil.com,AVAILABILITY,domains.list,2024-07-13 02:14:43.362050
www.gold-or.ca,AVAILABILITY,domains.list,2024-07-13 02:14:43.752648
www.googlefoad.top,AVAILABILITY,domains.list,2024-07-13 02:14:44.451175
www.greatlakessurveillance.com,AVAILABILITY,domains.list,2024-07-13 02:14:44.859411
www.grandesbottees.com,AVAILABILITY,domains.list,2024-07-13 02:14:45.282940
www.gruppostolfaedilizia.it,AVAILABILITY,domains.list,2024-07-13 02:14:47.654193
www.gutentagmeinliebeqq.com,AVAILABILITY,domains.list,2024-07-13 02:14:48.076834
www.gwyhome.net,AVAILABILITY,domains.list,2024-07-13 02:14:48.432220
www.gurumenilai.com,AVAILABILITY,domains.list,2024-07-13 02:14:48.811263
www.gylpmgw.com,AVAILABILITY,domains.list,2024-07-13 02:14:49.247351
www.habitermieux08.org,AVAILABILITY,domains.list,2024-07-13 02:14:49.748811
www.gurlfanam.net,AVAILABILITY,domains.list,2024-07-13 02:15:24.109496
www.hairchinadirect.com,AVAILABILITY,domains.list,2024-07-13 02:15:57.279504
www.hancebile.com,AVAILABILITY,domains.list,2024-07-13 02:16:43.946131
www.hightradingfrequency.com,AVAILABILITY,domains.list,2024-07-13 02:16:44.631678
www.hoardmaire.com,AVAILABILITY,domains.list,2024-07-13 02:16:45.050227
www.himhermeus.com,AVAILABILITY,domains.list,2024-07-13 02:16:45.438813
www.howwepreventwealth.com,AVAILABILITY,domains.list,2024-07-13 02:16:45.866439
www.huduanjichuang.com,AVAILABILITY,domains.list,2024-07-13 02:16:46.267625
www.hotelkokobay.com,AVAILABILITY,domains.list,2024-07-13 02:16:46.678610
www.huayudianlan.net,AVAILABILITY,domains.list,2024-07-13 02:16:47.119352
www.huodaibbs.com,AVAILABILITY,domains.list,2024-07-13 02:16:47.533649
www.igatha.com,AVAILABILITY,domains.list,2024-07-13 02:16:47.981877
www.iheartshop.net,AVAILABILITY,domains.list,2024-07-13 02:16:48.403294
www.iiet.co.uk,AVAILABILITY,domains.list,2024-07-13 02:16:49.405587
www.imzhangfei.com,AVAILABILITY,domains.list,2024-07-13 02:16:49.771667
www.imein.net,AVAILABILITY,domains.list,2024-07-13 02:16:50.196041
www.inspirationbydesire.com,AVAILABILITY,domains.list,2024-07-13 02:16:50.665890
www.insta-follower.com,AVAILABILITY,domains.list,2024-07-13 02:17:02.817047
www.intabulations.org,AVAILABILITY,domains.list,2024-07-13 02:17:06.267739
www.iskunvaimenninhuolto.fi,AVAILABILITY,domains.list,2024-07-13 02:17:28.964157
www.jackybrith.net,AVAILABILITY,domains.list,2024-07-13 02:17:29.507250
www.jawar.eu,AVAILABILITY,domains.list,2024-07-13 02:17:29.890856
www.jarakadvertising.com,AVAILABILITY,domains.list,2024-07-13 02:17:30.307389
www.jdv.com.co,AVAILABILITY,domains.list,2024-07-13 02:17:30.686545
www.jalapodist.net,AVAILABILITY,domains.list,2024-07-13 02:18:02.059159
www.jjrpartners.net,AVAILABILITY,domains.list,2024-07-13 02:18:02.758603
www.jinanlingshi.com,AVAILABILITY,domains.list,2024-07-13 02:18:03.187720
www.jkcollege.in,AVAILABILITY,domains.list,2024-07-13 02:18:03.562323
www.jnjoilfieldservices.com,AVAILABILITY,domains.list,2024-07-13 02:18:03.988429
www.kabradrugsltd.com,AVAILABILITY,domains.list,2024-07-13 02:18:04.403853
www.kamenububregu.com,AVAILABILITY,domains.list,2024-07-13 02:18:04.814232
www.kilimanjaroclimbingadventure.com,AVAILABILITY,domains.list,2024-07-13 02:18:05.266522
www.keramikabora.com,AVAILABILITY,domains.list,2024-07-13 02:18:05.681958
www.kliksusu.com,AVAILABILITY,domains.list,2024-07-13 02:18:06.104541
www.kinomix.org,AVAILABILITY,domains.list,2024-07-13 02:18:08.291575
www.kitabagi.id,AVAILABILITY,domains.list,2024-07-13 02:18:45.894665
www.koguciuk.pl,AVAILABILITY,domains.list,2024-07-13 02:18:48.168868
www.korkeaoja.org,AVAILABILITY,domains.list,2024-07-13 02:18:48.727769
www.kungfumasterwang.com,AVAILABILITY,domains.list,2024-07-13 02:18:49.169690
www.kumei.net,AVAILABILITY,domains.list,2024-07-13 02:18:59.996454
www.lajaniquerafm.com,AVAILABILITY,domains.list,2024-07-13 02:19:10.466702
www.lacavedemilion.com,AVAILABILITY,domains.list,2024-07-13 02:19:37.536848
www.lamduthu.com,AVAILABILITY,domains.list,2024-07-13 02:19:38.143624
www.lashouli.com,AVAILABILITY,domains.list,2024-07-13 02:19:38.538795
www.lanamusty.net,AVAILABILITY,domains.list,2024-07-13 02:19:39.002439
www.lelogo.net,AVAILABILITY,domains.list,2024-07-13 02:19:39.423910
www.latticent.com,AVAILABILITY,domains.list,2024-07-13 02:19:49.281355
www.lexvidhi.com,AVAILABILITY,domains.list,2024-07-13 02:20:07.135524
www.lifeclinics.net,AVAILABILITY,domains.list,2024-07-13 02:20:07.509325
www.liguriani.it,AVAILABILITY,domains.list,2024-07-13 02:20:09.988816
www.lifeforbody.com,AVAILABILITY,domains.list,2024-07-13 02:20:10.448003
www.leyougames.com,AVAILABILITY,domains.list,2024-07-13 02:20:11.392637
www.lmhof.net,AVAILABILITY,domains.list,2024-07-13 02:20:11.869249
www.loansbypeople.com,AVAILABILITY,domains.list,2024-07-13 02:20:12.333316
www.lmdlnc.com,AVAILABILITY,domains.list,2024-07-13 02:20:13.576608
www.lokfongfood.com,AVAILABILITY,domains.list,2024-07-13 02:20:14.038443
www.lolitojr.com.mx,AVAILABILITY,domains.list,2024-07-13 02:20:14.462678
www.lucapotenziani.com,AVAILABILITY,domains.list,2024-07-13 02:20:14.903443
www.luisalvarez.pt,AVAILABILITY,domains.list,2024-07-13 02:20:15.766270
www.madeua.info,AVAILABILITY,domains.list,2024-07-13 02:20:16.408303
www.mahendradesai.net,AVAILABILITY,domains.list,2024-07-13 02:20:16.826734
www.manchen.cc,AVAILABILITY,domains.list,2024-07-13 02:20:17.241688
www.mango-do.com,AVAILABILITY,domains.list,2024-07-13 02:20:17.608536
www.mamanclass.com,AVAILABILITY,domains.list,2024-07-13 02:20:17.971919
www.manutenzionecarrier.com,AVAILABILITY,domains.list,2024-07-13 02:20:18.410939
www.manutencao-de-celulares.com.br,AVAILABILITY,domains.list,2024-07-13 02:20:19.087177
www.marinecae.com,AVAILABILITY,domains.list,2024-07-13 02:20:19.503123
www.mana-pools.co.za,AVAILABILITY,domains.list,2024-07-13 02:20:20.220198
www.markrothbowling.com,AVAILABILITY,domains.list,2024-07-13 02:20:20.626216
www.masterlegue.com,AVAILABILITY,domains.list,2024-07-13 02:20:21.064425
www.mayaastro.com,AVAILABILITY,domains.list,2024-07-13 02:20:21.483433
stimmwissenschaften.de,AVAILABILITY,domains.list,2024-07-13 02:20:22.215797
truepublish.de,AVAILABILITY,domains.list,2024-07-13 02:20:23.197816
172.246.84.150,AVAILABILITY,domains.list,2024-07-13 02:20:43.374604
actraxgps.com,AVAILABILITY,domains.list,2024-07-13 02:20:44.170463
adoptshawm.net,AVAILABILITY,domains.list,2024-07-13 02:20:44.774632
alkalifeph.fr,AVAILABILITY,domains.list,2024-07-13 02:20:45.922935
apronconsulting.com,AVAILABILITY,domains.list,2024-07-13 02:20:46.511443
ardent-lotus.com,AVAILABILITY,domains.list,2024-07-13 02:20:46.940218
arabianglitz.com,AVAILABILITY,domains.list,2024-07-13 02:20:47.387613
asreklama.com,AVAILABILITY,domains.list,2024-07-13 02:20:47.999492
cabincrewdiaries.com,AVAILABILITY,domains.list,2024-07-13 02:20:48.574130
bummeln-um-die-welt.de,AVAILABILITY,domains.list,2024-07-13 02:20:49.400757
capitalintroductionservices.com,AVAILABILITY,domains.list,2024-07-13 02:20:50.020728
caijiachina.com,AVAILABILITY,domains.list,2024-07-13 02:20:50.488582
casasembargada.com,AVAILABILITY,domains.list,2024-07-13 02:20:50.941650
collegefarms.org,AVAILABILITY,domains.list,2024-07-13 02:20:51.941455
canalvelo.fr,AVAILABILITY,domains.list,2024-07-13 02:20:52.951050
date-withme.com,AVAILABILITY,domains.list,2024-07-13 02:20:53.507787
db-hardware.fr,AVAILABILITY,domains.list,2024-07-13 02:20:54.361333
crissbardelotto.com,AVAILABILITY,domains.list,2024-07-13 02:20:54.870694
derinceozelders.com,AVAILABILITY,domains.list,2024-07-13 02:20:55.448876
dicksmacker.com,AVAILABILITY,domains.list,2024-07-13 02:20:55.986770
dev.maruemoinschere.fr,AVAILABILITY,domains.list,2024-07-13 02:20:56.685790
diego-fc.com,AVAILABILITY,domains.list,2024-07-13 02:20:57.184289
dj-producer-j-mbargo.com,AVAILABILITY,domains.list,2024-07-13 02:20:57.689565
drdianateachertraining.com,AVAILABILITY,domains.list,2024-07-13 02:20:58.252960
dreamwhistlerz.com,AVAILABILITY,domains.list,2024-07-13 02:20:58.704015
dub3tv.com,AVAILABILITY,domains.list,2024-07-13 02:20:59.296589
ebuyyi.com,AVAILABILITY,domains.list,2024-07-13 02:20:59.922607
dukewayne.talktalk.net,AVAILABILITY,domains.list,2024-07-13 02:21:01.576546
efficiencyempregos.com.br,AVAILABILITY,domains.list,2024-07-13 02:21:02.828403
ellohime.net,AVAILABILITY,domains.list,2024-07-13 02:21:03.303479
facecapsule.com,AVAILABILITY,domains.list,2024-07-13 02:21:03.796273
falisha.co.id,AVAILABILITY,domains.list,2024-07-13 02:21:06.060695
fsathai.org,AVAILABILITY,domains.list,2024-07-13 02:21:06.655903
galerymusic.id,AVAILABILITY,domains.list,2024-07-13 02:21:07.712298
gaozhao-edu.com,AVAILABILITY,domains.list,2024-07-13 02:21:08.126503
gemshairandbeauty.com,AVAILABILITY,domains.list,2024-07-13 02:21:08.679015
googlefoad.top,AVAILABILITY,domains.list,2024-07-13 02:21:10.473589
gurumenilai.com,AVAILABILITY,domains.list,2024-07-13 02:21:11.044832
gruppostolfaedilizia.it,AVAILABILITY,domains.list,2024-07-13 02:21:12.724953
himhermeus.com,AVAILABILITY,domains.list,2024-07-13 02:21:13.300863
isleofwightcomputerrepairs.talktalk.net,AVAILABILITY,domains.list,2024-07-13 02:21:15.020457
jackybrith.net,AVAILABILITY,domains.list,2024-07-13 02:21:15.610930
john.edmunds.talktalk.net,AVAILABILITY,domains.list,2024-07-13 02:21:17.407376
jnjoilfieldservices.com,AVAILABILITY,domains.list,2024-07-13 02:21:17.867683
kabradrugsltd.com,AVAILABILITY,domains.list,2024-07-13 02:21:18.422398
kliksusu.com,AVAILABILITY,domains.list,2024-07-13 02:21:18.924749
kungfumasterwang.com,AVAILABILITY,domains.list,2024-07-13 02:21:19.443204
korkeaoja.org,AVAILABILITY,domains.list,2024-07-13 02:21:19.934482
lelogo.net,AVAILABILITY,domains.list,2024-07-13 02:21:20.459411
lokfongfood.com,AVAILABILITY,domains.list,2024-07-13 02:21:21.066501
mango-do.com,AVAILABILITY,domains.list,2024-07-13 02:21:21.508690
mayaastro.com,AVAILABILITY,domains.list,2024-07-13 02:21:22.041859
mensa-edu.com,AVAILABILITY,domains.list,2024-07-13 02:21:22.482005
mikeg7hen.talktalk.net,AVAILABILITY,domains.list,2024-07-13 02:21:24.176199
mmmkouzhao.com,AVAILABILITY,domains.list,2024-07-13 02:21:24.692417
naruto55.com,AVAILABILITY,domains.list,2024-07-13 02:21:25.237093
m-tensou.net,AVAILABILITY,domains.list,2024-07-13 02:21:25.689868
new.usedtextbooksbuyer.com,AVAILABILITY,domains.list,2024-07-13 02:21:26.111759
n-k-dekorationen.de,AVAILABILITY,domains.list,2024-07-13 02:21:26.850782
northernleasing.bz,AVAILABILITY,domains.list,2024-07-13 02:21:27.536730
oasiscompound.com,AVAILABILITY,domains.list,2024-07-13 02:21:28.093009
ordabeille.fr,AVAILABILITY,domains.list,2024-07-13 02:21:30.912858
pagooglenbgo.xyz,AVAILABILITY,domains.list,2024-07-13 02:21:31.671549
patriciaclarkfinley.com,AVAILABILITY,domains.list,2024-07-13 02:21:32.260698
pcnawa.com,AVAILABILITY,domains.list,2024-07-13 02:21:32.716559
phuketbachelors.com,AVAILABILITY,domains.list,2024-07-13 02:21:33.221940
peep-call.com,AVAILABILITY,domains.list,2024-07-13 02:21:33.642438
philippinesregalo.com,AVAILABILITY,domains.list,2024-07-13 02:21:34.275267
pontevedrabeachsports.com,AVAILABILITY,domains.list,2024-07-13 02:21:34.824028
plumbntile.talktalk.net,AVAILABILITY,domains.list,2024-07-13 02:21:36.019044
powerhouserecordsmusic.com,AVAILABILITY,domains.list,2024-07-13 02:21:36.549229
pronorm.fr,AVAILABILITY,domains.list,2024-07-13 02:21:37.473604
robbytravels.com,AVAILABILITY,domains.list,2024-07-13 02:21:37.964124
ri-vyoo.com,AVAILABILITY,domains.list,2024-07-13 02:21:38.474539
sanae-sakamoto.ch,AVAILABILITY,domains.list,2024-07-13 02:21:39.223963
sadeqmedia.com,AVAILABILITY,domains.list,2024-07-13 02:21:39.694823
sfei.se,AVAILABILITY,domains.list,2024-07-13 02:21:40.854598
shaman-studio.com,AVAILABILITY,domains.list,2024-07-13 02:21:41.377033
silvotecna.co.cl,AVAILABILITY,domains.list,2024-07-13 02:21:43.475520
shiyunwuliu.com,AVAILABILITY,domains.list,2024-07-13 02:21:44.051217
sjones.talktalk.net,AVAILABILITY,domains.list,2024-07-13 02:21:46.078546
skf-fag-bearings.com,AVAILABILITY,domains.list,2024-07-13 02:21:46.722972
slynewsnigeria.com,AVAILABILITY,domains.list,2024-07-13 02:21:47.141252
smenterprisesgroup.com,AVAILABILITY,domains.list,2024-07-13 02:21:47.650133
spunbaku.com,AVAILABILITY,domains.list,2024-07-13 02:21:48.215027
swm-as.com,AVAILABILITY,domains.list,2024-07-13 02:21:48.805852
td-kuk.si,AVAILABILITY,domains.list,2024-07-13 02:21:49.889376
textilescalmani.com,AVAILABILITY,domains.list,2024-07-13 02:21:50.490617
thanefreshflower.com,AVAILABILITY,domains.list,2024-07-13 02:21:50.952289
thephoneguy.talktalk.net,AVAILABILITY,domains.list,2024-07-13 02:21:52.508486
tugraoptikizmir.com,AVAILABILITY,domains.list,2024-07-13 02:21:53.105807
truonglucqn.com,AVAILABILITY,domains.list,2024-07-13 02:21:53.584121
truhlarstvi-bezdeka.cz,AVAILABILITY,domains.list,2024-07-13 02:21:54.449697
velolenta.com,AVAILABILITY,domains.list,2024-07-13 02:21:55.033343
umumusic.co.uk,AVAILABILITY,domains.list,2024-07-13 02:21:55.837618
utlitydiscountplans.com,AVAILABILITY,domains.list,2024-07-13 02:21:56.291386
www.1drv.ms,AVAILABILITY,domains.list,2024-07-13 02:21:57.150367
www.28amen.org,AVAILABILITY,domains.list,2024-07-13 02:21:57.631903
www.54699.com,AVAILABILITY,domains.list,2024-07-13 02:21:58.119895
www.a1akeyssportfishing.com,AVAILABILITY,domains.list,2024-07-13 02:21:58.615683
www.abbiholland.com,AVAILABILITY,domains.list,2024-07-13 02:21:59.094940
www.abekattestreger.dk,AVAILABILITY,domains.list,2024-07-13 02:21:59.469425
www.actraxgps.com,AVAILABILITY,domains.list,2024-07-13 02:21:59.917445
www.adiosalvello.com,AVAILABILITY,domains.list,2024-07-13 02:22:09.745952
www.adoptshawm.net,AVAILABILITY,domains.list,2024-07-13 02:22:10.175527
www.agneskazmierczak.com,AVAILABILITY,domains.list,2024-07-13 02:22:10.653491
www.ajmontanaro.com,AVAILABILITY,domains.list,2024-07-13 02:22:11.083055
www.a-host.co.uk,AVAILABILITY,domains.list,2024-07-13 02:22:33.465868
www.alanstrack.com,AVAILABILITY,domains.list,2024-07-13 02:22:36.811818
www.alexa-silver.com,AVAILABILITY,domains.list,2024-07-13 02:22:37.225701
www.alefunny.pl,AVAILABILITY,domains.list,2024-07-13 02:22:38.091448
www.alexgas-doo.com,AVAILABILITY,domains.list,2024-07-13 02:22:38.483732
www.allamericanmadetoys.com,AVAILABILITY,domains.list,2024-07-13 02:22:38.902376
www.alfalakgifts.com,AVAILABILITY,domains.list,2024-07-13 02:22:39.341049
www.alkalifeph.fr,AVAILABILITY,domains.list,2024-07-13 02:22:39.816001
www.altarek.com,AVAILABILITY,domains.list,2024-07-13 02:22:41.740974
www.alumaxgroup.in,AVAILABILITY,domains.list,2024-07-13 02:22:53.073862
www.amazingtipsbook.com,AVAILABILITY,domains.list,2024-07-13 02:22:53.546075
www.amazoo.com.br,AVAILABILITY,domains.list,2024-07-13 02:23:10.357214
www.ampexholdings.com,AVAILABILITY,domains.list,2024-07-13 02:23:22.810910
www.anrika.se,AVAILABILITY,domains.list,2024-07-13 02:23:24.346511
www.antwerpvillas.com,AVAILABILITY,domains.list,2024-07-13 02:23:26.362133
www.apronconsulting.com,AVAILABILITY,domains.list,2024-07-13 02:23:26.857582
www.arabianglitz.com,AVAILABILITY,domains.list,2024-07-13 02:23:27.281309
www.ardent-lotus.com,AVAILABILITY,domains.list,2024-07-13 02:23:27.783517
www.artsidestudio.com,AVAILABILITY,domains.list,2024-07-13 02:23:38.754365
www.aser-algram.com,AVAILABILITY,domains.list,2024-07-13 02:23:39.256199
www.asreklama.com,AVAILABILITY,domains.list,2024-07-13 02:23:39.672462
www.azshop24.com.vn,AVAILABILITY,domains.list,2024-07-13 02:23:40.611065
www.b2c-batteries.com,AVAILABILITY,domains.list,2024-07-13 02:23:40.996537
www.bachledowka.net,AVAILABILITY,domains.list,2024-07-13 02:23:41.498819
www.balkello-accommodation.com,AVAILABILITY,domains.list,2024-07-13 02:23:41.886731
www.badznaptak.pl,AVAILABILITY,domains.list,2024-07-13 02:23:57.169825
www.bestadbid.com,AVAILABILITY,domains.list,2024-07-13 02:23:57.672981
www.bestpurseshop.com,AVAILABILITY,domains.list,2024-07-13 02:23:58.205446
www.beautystudioswh.com,AVAILABILITY,domains.list,2024-07-13 02:24:10.134387
www.birebirpazar.com,AVAILABILITY,domains.list,2024-07-13 02:24:32.186667
www.bluga.com.ar,AVAILABILITY,domains.list,2024-07-13 02:24:35.251360
www.blackswan.com.ng,AVAILABILITY,domains.list,2024-07-13 02:24:41.808524
www.boosyy.com,AVAILABILITY,domains.list,2024-07-13 02:24:42.363975
www.boraba.net,AVAILABILITY,domains.list,2024-07-13 02:24:42.792077
www.bridgeglobal.org,AVAILABILITY,domains.list,2024-07-13 02:24:54.657438
www.bridleridgehorses.com,AVAILABILITY,domains.list,2024-07-13 02:24:55.827300
www.brshops.com.br,AVAILABILITY,domains.list,2024-07-13 02:24:59.348912
www.broadcastaudiodevices.com,AVAILABILITY,domains.list,2024-07-13 02:24:59.794209
www.brainfreezeapp.com,AVAILABILITY,domains.list,2024-07-13 02:25:24.681249
www.bootyculla.com,AVAILABILITY,domains.list,2024-07-13 02:26:08.204787
www.brunocarbh.com.br,AVAILABILITY,domains.list,2024-07-13 02:26:09.605145
www.budeanu.ro,AVAILABILITY,domains.list,2024-07-13 02:26:10.511774
www.bullebusinesspala.ch,AVAILABILITY,domains.list,2024-07-13 02:26:10.888701
www.bummeln-um-die-welt.de,AVAILABILITY,domains.list,2024-07-13 02:26:11.358561
www.burdur-bld.gov.tr,AVAILABILITY,domains.list,2024-07-13 02:26:23.163855
www.cabincrewdiaries.com,AVAILABILITY,domains.list,2024-07-13 02:26:23.543589
www.cadencechildren.net,AVAILABILITY,domains.list,2024-07-13 02:26:23.959869
www.caballerobustamante.com.pe,AVAILABILITY,domains.list,2024-07-13 02:26:25.877538
www.caijiachina.com,AVAILABILITY,domains.list,2024-07-13 02:26:26.288652
www.canalvelo.fr,AVAILABILITY,domains.list,2024-07-13 02:26:27.052094
www.carindoauto.net,AVAILABILITY,domains.list,2024-07-13 02:26:27.450455
www.capitalintroductionservices.com,AVAILABILITY,domains.list,2024-07-13 02:26:27.921440
www.casasembargada.com,AVAILABILITY,domains.list,2024-07-13 02:26:28.371081
www.cartaovirtual.no-ip.info,AVAILABILITY,domains.list,2024-07-13 02:26:29.043074
www.cefeida2.com,AVAILABILITY,domains.list,2024-07-13 02:26:29.600673
www.casadecandomble.com.br,AVAILABILITY,domains.list,2024-07-13 02:26:32.125427
www.ceil.hk,AVAILABILITY,domains.list,2024-07-13 02:26:34.282707
www.cfai66.fr,AVAILABILITY,domains.list,2024-07-13 02:26:37.389257
www.centraldafestarj.com.br,AVAILABILITY,domains.list,2024-07-13 02:26:38.453304
www.cheapyoutubeview.com,AVAILABILITY,domains.list,2024-07-13 02:26:38.963700
www.chennaiadvancedwoundcareconference.com,AVAILABILITY,domains.list,2024-07-13 02:26:39.523867
www.centre-apple.ru,AVAILABILITY,domains.list,2024-07-13 02:26:40.742009
www.chinatea.ro,AVAILABILITY,domains.list,2024-07-13 02:26:41.956632
www.chmedonline.com,AVAILABILITY,domains.list,2024-07-13 02:26:42.414840
www.cilwculture.com,AVAILABILITY,domains.list,2024-07-13 02:26:42.938274
www.cloudbws.com,AVAILABILITY,domains.list,2024-07-13 02:26:43.417104
www.codanuscorp.com,AVAILABILITY,domains.list,2024-07-13 02:26:43.852405
www.cniplc.com,AVAILABILITY,domains.list,2024-07-13 02:26:44.337237
www.cliccaqui.co.uk,AVAILABILITY,domains.list,2024-07-13 02:26:54.988454
www.collegefarms.org,AVAILABILITY,domains.list,2024-07-13 02:26:55.698438
www.comsalud360.com,AVAILABILITY,domains.list,2024-07-13 02:27:07.364949
www.cpapltd.com,AVAILABILITY,domains.list,2024-07-13 02:27:07.834804
www.cramjuice.com,AVAILABILITY,domains.list,2024-07-13 02:27:08.337444
www.crissbardelotto.com,AVAILABILITY,domains.list,2024-07-13 02:27:08.785066
